{"model":{"models":[{"model":"modelengine:fx_hellrider_fang/red_spike","tints":[{"index":0,"default":16777215,"type":"minecraft:custom_model_data"}],"type":"minecraft:model"},{"model":"modelengine:fx_hellrider_fang/red_spike/1","tints":[{"index":0,"default":16777215,"type":"minecraft:custom_model_data"}],"type":"minecraft:model"},{"model":"modelengine:fx_hellrider_fang/red_spike/2","tints":[{"index":0,"default":16777215,"type":"minecraft:custom_model_data"}],"type":"minecraft:model"}],"type":"minecraft:composite"}}