{
	"credit": "Made with Blockbench",
	"texture_size": [128, 128],
	"textures": {
		"3": "./kaira_wings",
		"5": "./kaira_fx",
		"6": "./kaira_main",
		"particle": "./kaira_wings"
	},
	"elements": [
		{
			"from": [7, 7.94532, 17.25468],
			"to": [10, 11.94532, 18.55468],
			"rotation": {"angle": 0, "axis": "y", "origin": [7, 10.94532, 16.55468]},
			"faces": {
				"north": {"uv": [1.5, 2, 2.25, 3], "texture": "#6"},
				"east": {"uv": [3.5, 5, 3.82813, 6], "texture": "#6"},
				"south": {"uv": [2.25, 0, 3, 1], "texture": "#6"},
				"west": {"uv": [4, 5, 4.32813, 6], "texture": "#6"},
				"up": {"uv": [6.75, 2.32813, 6, 2], "texture": "#6"},
				"down": {"uv": [3.25, 6, 2.5, 6.32813], "texture": "#6"}
			}
		},
		{
			"from": [7.002, 4.94105, 16.26087],
			"to": [9.998, 8.93705, 17.55687],
			"rotation": {"angle": 22.5, "axis": "x", "origin": [7, 5.93905, 15.55887]},
			"faces": {
				"north": {"uv": [2.25, 1, 3, 2], "texture": "#6"},
				"east": {"uv": [5, 4, 5.32813, 5], "texture": "#6"},
				"south": {"uv": [2.25, 2, 3, 3], "texture": "#6"},
				"west": {"uv": [5, 5, 5.32813, 6], "texture": "#6"},
				"up": {"uv": [6.75, 2.82813, 6, 2.5], "texture": "#6"},
				"down": {"uv": [4, 6, 3.25, 6.32813], "texture": "#6"}
			}
		},
		{
			"from": [7, 1.5427, 12.48841],
			"to": [10, 2.8427, 16.48841],
			"rotation": {"angle": -45, "axis": "x", "origin": [7, 3.5427, 13.48841]},
			"faces": {
				"north": {"uv": [4, 6, 4.75, 6.32813], "texture": "#6"},
				"east": {"uv": [5.25, 0, 6.25, 0.32813], "texture": "#6"},
				"south": {"uv": [4.75, 6, 5.5, 6.32813], "texture": "#6"},
				"west": {"uv": [5.25, 0.5, 6.25, 0.82813], "texture": "#6"},
				"up": {"uv": [0.75, 4, 0, 3], "texture": "#6"},
				"down": {"uv": [3.75, 0, 3, 1], "texture": "#6"}
			}
		},
		{
			"from": [7.002, 10.95359, 16.26087],
			"to": [9.998, 14.94959, 17.55687],
			"rotation": {"angle": -22.5, "axis": "x", "origin": [7, 13.95159, 15.55887]},
			"faces": {
				"north": {"uv": [0, 2, 0.75, 3], "texture": "#6"},
				"east": {"uv": [3, 5, 3.32813, 6], "texture": "#6"},
				"south": {"uv": [0.75, 2, 1.5, 3], "texture": "#6"},
				"west": {"uv": [5, 3, 5.32813, 4], "texture": "#6"},
				"up": {"uv": [6.75, 1.82813, 6, 1.5], "texture": "#6"},
				"down": {"uv": [2.5, 6, 1.75, 6.32813], "texture": "#6"}
			}
		},
		{
			"from": [7.002, 0.12308, 9.66051],
			"to": [9.998, 1.41908, 13.65651],
			"rotation": {"angle": -22.5, "axis": "x", "origin": [7, 2.12108, 10.65851]},
			"faces": {
				"north": {"uv": [5.5, 6, 6.25, 6.32813], "texture": "#6"},
				"east": {"uv": [1, 5.5, 2, 5.82813], "texture": "#6"},
				"south": {"uv": [0, 6.25, 0.75, 6.57813], "texture": "#6"},
				"west": {"uv": [2, 5.5, 3, 5.82813], "texture": "#6"},
				"up": {"uv": [1.5, 4, 0.75, 3], "texture": "#6"},
				"down": {"uv": [3.75, 1, 3, 2], "texture": "#6"}
			}
		},
		{
			"from": [7, 17.04795, 12.48841],
			"to": [10, 18.34795, 16.48841],
			"rotation": {"angle": 45, "axis": "x", "origin": [7, 16.34795, 13.48841]},
			"faces": {
				"north": {"uv": [1, 6, 1.75, 6.32813], "texture": "#6"},
				"east": {"uv": [5, 2, 6, 2.32813], "texture": "#6"},
				"south": {"uv": [6, 1, 6.75, 1.32813], "texture": "#6"},
				"west": {"uv": [5, 2.5, 6, 2.82813], "texture": "#6"},
				"up": {"uv": [2.25, 1, 1.5, 0], "texture": "#6"},
				"down": {"uv": [2.25, 1, 1.5, 2], "texture": "#6"}
			}
		},
		{
			"from": [7.002, 18.47156, 9.66051],
			"to": [9.998, 19.76756, 13.65651],
			"rotation": {"angle": 22.5, "axis": "x", "origin": [7, 17.76956, 10.65851]},
			"faces": {
				"north": {"uv": [5.5, 5, 6.25, 5.32813], "texture": "#6"},
				"east": {"uv": [5, 1.5, 6, 1.82813], "texture": "#6"},
				"south": {"uv": [5.5, 5.5, 6.25, 5.82813], "texture": "#6"},
				"west": {"uv": [2, 5, 3, 5.32813], "texture": "#6"},
				"up": {"uv": [0.75, 2, 0, 1], "texture": "#6"},
				"down": {"uv": [1.5, 1, 0.75, 2], "texture": "#6"}
			}
		},
		{
			"from": [7, -0.10936, 6.5],
			"to": [10, 1.19064, 10.5],
			"rotation": {"angle": 0, "axis": "y", "origin": [7, 1.89064, 7.5]},
			"faces": {
				"north": {"uv": [6.25, 0, 7, 0.32813], "texture": "#6"},
				"east": {"uv": [5.5, 3, 6.5, 3.32813], "texture": "#6"},
				"south": {"uv": [6.25, 0.5, 7, 0.82813], "texture": "#6"},
				"west": {"uv": [5.5, 3.5, 6.5, 3.82813], "texture": "#6"},
				"up": {"uv": [2.25, 4, 1.5, 3], "texture": "#6"},
				"down": {"uv": [3.75, 2, 3, 3], "texture": "#6"}
			}
		},
		{
			"from": [7, 18.7, 6.5],
			"to": [10, 20, 10.5],
			"rotation": {"angle": 0, "axis": "y", "origin": [7, 18, 7.5]},
			"faces": {
				"north": {"uv": [5.5, 4, 6.25, 4.32813], "texture": "#6"},
				"east": {"uv": [1, 5, 2, 5.32813], "texture": "#6"},
				"south": {"uv": [5.5, 4.5, 6.25, 4.82813], "texture": "#6"},
				"west": {"uv": [5, 1, 6, 1.32813], "texture": "#6"},
				"up": {"uv": [0.75, 1, 0, 0], "texture": "#6"},
				"down": {"uv": [1.5, 0, 0.75, 1], "texture": "#6"}
			}
		},
		{
			"from": [7.8, 9.15569, -2.73824],
			"to": [9.34, 10.06469, -2.39824],
			"rotation": {"angle": 22.5, "axis": "x", "origin": [7.8, 10.69569, -1.19824]},
			"faces": {
				"north": {"uv": [5, 8, 5.39063, 8.23438], "texture": "#6"},
				"east": {"uv": [0.75, 6.25, 0.82813, 6.48438], "texture": "#6"},
				"south": {"uv": [8, 5, 8.39063, 5.23438], "texture": "#6"},
				"west": {"uv": [0.5, 6.75, 0.57813, 6.98438], "texture": "#6"},
				"up": {"uv": [5.64063, 8.32813, 5.25, 8.25], "texture": "#6"},
				"down": {"uv": [8.64063, 5.5, 8.25, 5.57813], "texture": "#6"}
			}
		},
		{
			"from": [7.802, 7.90218, -5.53792],
			"to": [9.338, 9.43818, -4.77192],
			"rotation": {"angle": 45, "axis": "x", "origin": [7.8, 7.51711, -5.46372]},
			"faces": {
				"north": {"uv": [7.25, 2, 7.64063, 2.39063], "texture": "#6"},
				"east": {"uv": [1.25, 8.25, 1.4375, 8.64063], "texture": "#6"},
				"south": {"uv": [7.25, 2.5, 7.64063, 2.89063], "texture": "#6"},
				"west": {"uv": [2, 8.25, 2.1875, 8.64063], "texture": "#6"},
				"up": {"uv": [8.64063, 2.1875, 8.25, 2], "texture": "#6"},
				"down": {"uv": [2.64063, 8.25, 2.25, 8.4375], "texture": "#6"}
			}
		},
		{
			"from": [7.802, 17.23234, 17.52708],
			"to": [9.338, 18.76834, 18.52408],
			"rotation": {"angle": -22.5, "axis": "x", "origin": [7.8, 18.77034, 18.75708]},
			"faces": {
				"north": {"uv": [7.5, 6.5, 7.89063, 6.89063], "texture": "#6"},
				"east": {"uv": [1.75, 8, 2, 8.39063], "texture": "#6"},
				"south": {"uv": [7, 7.5, 7.39063, 7.89063], "texture": "#6"},
				"west": {"uv": [1.5, 8, 1.75, 8.39063], "texture": "#6"},
				"up": {"uv": [8.39063, 4.75, 8, 4.5], "texture": "#6"},
				"down": {"uv": [8.39063, 4.75, 8, 5], "texture": "#6"}
			}
		},
		{
			"from": [7.802, 16.57447, 17.00145],
			"to": [9.338, 17.57147, 18.53745],
			"rotation": {"angle": 22.5, "axis": "x", "origin": [7.8, 17.80447, 16.99945]},
			"faces": {
				"north": {"uv": [8, 4.25, 8.39063, 4.5], "texture": "#6"},
				"east": {"uv": [8, 0.25, 8.39063, 0.5], "texture": "#6"},
				"south": {"uv": [4.5, 8, 4.89063, 8.25], "texture": "#6"},
				"west": {"uv": [7.75, 3.75, 8.14063, 4], "texture": "#6"},
				"up": {"uv": [7.89063, 6.39063, 7.5, 6], "texture": "#6"},
				"down": {"uv": [6.89063, 7.5, 6.5, 7.89063], "texture": "#6"}
			}
		},
		{
			"from": [7.8, 17.23021, 17.7822],
			"to": [9.34, 18.23121, 19.3222],
			"rotation": {"angle": 45, "axis": "x", "origin": [7.8, 18.46221, 17.7822]},
			"faces": {
				"north": {"uv": [4, 8, 4.39063, 8.25], "texture": "#6"},
				"east": {"uv": [1, 8, 1.39063, 8.25], "texture": "#6"},
				"south": {"uv": [8, 4, 8.39063, 4.25], "texture": "#6"},
				"west": {"uv": [8, 0.5, 8.39063, 0.75], "texture": "#6"},
				"up": {"uv": [7.89063, 5.89063, 7.5, 5.5], "texture": "#6"},
				"down": {"uv": [6.39063, 7.5, 6, 7.89063], "texture": "#6"}
			}
		},
		{
			"from": [7.8, 15.66525, 16.52798],
			"to": [9.34, 16.66625, 18.06798],
			"rotation": {"angle": 0, "axis": "y", "origin": [7.8, 16.89725, 16.52798]},
			"faces": {
				"north": {"uv": [3, 8, 3.39063, 8.25], "texture": "#6"},
				"east": {"uv": [7.75, 3.25, 8.14063, 3.5], "texture": "#6"},
				"south": {"uv": [3.5, 8, 3.89063, 8.25], "texture": "#6"},
				"west": {"uv": [7.75, 2.75, 8.14063, 3], "texture": "#6"},
				"up": {"uv": [7.89063, 5.39063, 7.5, 5], "texture": "#6"},
				"down": {"uv": [5.89063, 7.5, 5.5, 7.89063], "texture": "#6"}
			}
		},
		{
			"from": [7.802, 11.0206, 17.94438],
			"to": [9.338, 15.9446, 19.48038],
			"rotation": {"angle": -22.5, "axis": "x", "origin": [7.8, 12.2506, 17.94238]},
			"faces": {
				"north": {"uv": [0, 5, 0.39063, 6.23438], "texture": "#6"},
				"east": {"uv": [4.5, 4.75, 4.89063, 5.98438], "texture": "#6"},
				"south": {"uv": [0.5, 5, 0.89063, 6.23438], "texture": "#6"},
				"west": {"uv": [4.5, 2.25, 4.89063, 3.48438], "texture": "#6"},
				"up": {"uv": [7.89063, 4.89063, 7.5, 4.5], "texture": "#6"},
				"down": {"uv": [5.39063, 7.5, 5, 7.89063], "texture": "#6"}
			}
		},
		{
			"from": [7.8, 9.15569, 19.39824],
			"to": [9.34, 10.06469, 19.73824],
			"rotation": {"angle": -22.5, "axis": "x", "origin": [7.8, 10.69569, 18.19824]},
			"faces": {
				"north": {"uv": [8, 5.25, 8.39063, 5.48438], "texture": "#6"},
				"east": {"uv": [0.5, 6.75, 0.57813, 6.98438], "texture": "#6"},
				"south": {"uv": [5.5, 8, 5.89063, 8.23438], "texture": "#6"},
				"west": {"uv": [0.75, 6.25, 0.82813, 6.48438], "texture": "#6"},
				"up": {"uv": [8.64063, 5.82813, 8.25, 5.75], "texture": "#6"},
				"down": {"uv": [6.64063, 8.25, 6.25, 8.32813], "texture": "#6"}
			}
		},
		{
			"from": [7.8, 9.85371, 18.29662],
			"to": [9.34, 11.70171, 19.83662],
			"rotation": {"angle": 0, "axis": "y", "origin": [7.8, 11.77871, 18.29662]},
			"faces": {
				"north": {"uv": [6.75, 1.5, 7.14063, 1.96875], "texture": "#6"},
				"east": {"uv": [6.75, 1, 7.14063, 1.46875], "texture": "#6"},
				"south": {"uv": [6.75, 2, 7.14063, 2.46875], "texture": "#6"},
				"west": {"uv": [6.5, 6.5, 6.89063, 6.96875], "texture": "#6"},
				"up": {"uv": [7.89063, 4.39063, 7.5, 4], "texture": "#6"},
				"down": {"uv": [4.89063, 7.5, 4.5, 7.89063], "texture": "#6"}
			}
		},
		{
			"from": [7.802, 8.55525, 18.47234],
			"to": [9.338, 9.86025, 20.20834],
			"rotation": {"angle": 0, "axis": "y", "origin": [7.8, 10.09325, 18.67034]},
			"faces": {
				"north": {"uv": [7.75, 1.5, 8.14063, 1.82813], "texture": "#6"},
				"east": {"uv": [7.5, 7.5, 7.9375, 7.82813], "texture": "#6"},
				"south": {"uv": [7.75, 2, 8.14063, 2.32813], "texture": "#6"},
				"west": {"uv": [7.5, 7, 7.9375, 7.32813], "texture": "#6"},
				"up": {"uv": [0.89063, 7.4375, 0.5, 7], "texture": "#6"},
				"down": {"uv": [7.39063, 0.5, 7, 0.9375], "texture": "#6"}
			}
		},
		{
			"from": [7.8, 7.76566, 18.58194],
			"to": [9.34, 8.53566, 20.12194],
			"rotation": {"angle": -22.5, "axis": "x", "origin": [7.8, 8.76666, 18.58194]},
			"faces": {
				"north": {"uv": [4.25, 8.25, 4.64063, 8.4375], "texture": "#6"},
				"east": {"uv": [8, 6.75, 8.39063, 6.9375], "texture": "#6"},
				"south": {"uv": [4.75, 8.25, 5.14063, 8.4375], "texture": "#6"},
				"west": {"uv": [8, 6.5, 8.39063, 6.6875], "texture": "#6"},
				"up": {"uv": [3.89063, 7.89063, 3.5, 7.5], "texture": "#6"},
				"down": {"uv": [4.39063, 7.5, 4, 7.89063], "texture": "#6"}
			}
		},
		{
			"from": [7.802, 7.0062, 18.80367],
			"to": [9.338, 7.7722, 20.33967],
			"rotation": {"angle": -45, "axis": "x", "origin": [7.8, 8.0052, 18.80167]},
			"faces": {
				"north": {"uv": [3.75, 8.25, 4.14063, 8.4375], "texture": "#6"},
				"east": {"uv": [8, 7.5, 8.39063, 7.6875], "texture": "#6"},
				"south": {"uv": [8.25, 3.75, 8.64063, 3.9375], "texture": "#6"},
				"west": {"uv": [7.25, 8, 7.64063, 8.1875], "texture": "#6"},
				"up": {"uv": [2.89063, 7.89063, 2.5, 7.5], "texture": "#6"},
				"down": {"uv": [3.39063, 7.5, 3, 7.89063], "texture": "#6"}
			}
		},
		{
			"from": [7.8, 7.06104, 19.31008],
			"to": [9.34, 8.60104, 20.08008],
			"rotation": {"angle": 22.5, "axis": "x", "origin": [7.8, 6.67797, 20.00388]},
			"faces": {
				"north": {"uv": [1.5, 7.5, 1.89063, 7.89063], "texture": "#6"},
				"east": {"uv": [8, 7.75, 8.1875, 8.14063], "texture": "#6"},
				"south": {"uv": [2, 7.5, 2.39063, 7.89063], "texture": "#6"},
				"west": {"uv": [7.75, 8, 7.9375, 8.39063], "texture": "#6"},
				"up": {"uv": [8.64063, 3.4375, 8.25, 3.25], "texture": "#6"},
				"down": {"uv": [8.64063, 3.5, 8.25, 3.6875], "texture": "#6"}
			}
		},
		{
			"from": [7.802, 7.00472, 20.22287],
			"to": [9.338, 8.54072, 20.98887],
			"rotation": {"angle": 0, "axis": "y", "origin": [7.8, 6.61965, 20.91467]},
			"faces": {
				"north": {"uv": [7.5, 0.5, 7.89063, 0.89063], "texture": "#6"},
				"east": {"uv": [8.25, 1, 8.4375, 1.39063], "texture": "#6"},
				"south": {"uv": [1, 7.5, 1.39063, 7.89063], "texture": "#6"},
				"west": {"uv": [1, 8.25, 1.1875, 8.64063], "texture": "#6"},
				"up": {"uv": [8.64063, 3.1875, 8.25, 3], "texture": "#6"},
				"down": {"uv": [3.64063, 8.25, 3.25, 8.4375], "texture": "#6"}
			}
		},
		{
			"from": [7.8, 7.29739, 21.08465],
			"to": [9.34, 8.83739, 21.85465],
			"rotation": {"angle": -22.5, "axis": "x", "origin": [7.8, 6.91432, 21.77845]},
			"faces": {
				"north": {"uv": [7.5, 0, 7.89063, 0.39063], "texture": "#6"},
				"east": {"uv": [6, 8, 6.1875, 8.39063], "texture": "#6"},
				"south": {"uv": [0.5, 7.5, 0.89063, 7.89063], "texture": "#6"},
				"west": {"uv": [8, 5.5, 8.1875, 5.89063], "texture": "#6"},
				"up": {"uv": [3.14063, 8.4375, 2.75, 8.25], "texture": "#6"},
				"down": {"uv": [8.64063, 2.75, 8.25, 2.9375], "texture": "#6"}
			}
		},
		{
			"from": [7.802, 7.90218, 21.77192],
			"to": [9.338, 9.43818, 22.53792],
			"rotation": {"angle": -45, "axis": "x", "origin": [7.8, 7.51711, 22.46372]},
			"faces": {
				"north": {"uv": [7.25, 3, 7.64063, 3.39063], "texture": "#6"},
				"east": {"uv": [2, 8.25, 2.1875, 8.64063], "texture": "#6"},
				"south": {"uv": [7.25, 3.5, 7.64063, 3.89063], "texture": "#6"},
				"west": {"uv": [1.25, 8.25, 1.4375, 8.64063], "texture": "#6"},
				"up": {"uv": [8.64063, 2.4375, 8.25, 2.25], "texture": "#6"},
				"down": {"uv": [8.64063, 2.5, 8.25, 2.6875], "texture": "#6"}
			}
		},
		{
			"from": [7.802, 7.00472, -3.98887],
			"to": [9.338, 8.54072, -3.22287],
			"rotation": {"angle": 0, "axis": "y", "origin": [7.8, 6.61965, -3.91467]},
			"faces": {
				"north": {"uv": [7.25, 1, 7.64063, 1.39063], "texture": "#6"},
				"east": {"uv": [1, 8.25, 1.1875, 8.64063], "texture": "#6"},
				"south": {"uv": [7.25, 1.5, 7.64063, 1.89063], "texture": "#6"},
				"west": {"uv": [8.25, 1, 8.4375, 1.39063], "texture": "#6"},
				"up": {"uv": [8.64063, 1.6875, 8.25, 1.5], "texture": "#6"},
				"down": {"uv": [8.64063, 1.75, 8.25, 1.9375], "texture": "#6"}
			}
		},
		{
			"from": [7.8, 7.06104, -3.08008],
			"to": [9.34, 8.60104, -2.31008],
			"rotation": {"angle": -22.5, "axis": "x", "origin": [7.8, 6.67797, -3.00388]},
			"faces": {
				"north": {"uv": [7, 7, 7.39063, 7.39063], "texture": "#6"},
				"east": {"uv": [7.75, 8, 7.9375, 8.39063], "texture": "#6"},
				"south": {"uv": [0, 7.25, 0.39063, 7.64063], "texture": "#6"},
				"west": {"uv": [8, 7.75, 8.1875, 8.14063], "texture": "#6"},
				"up": {"uv": [0.39063, 8.4375, 0, 8.25], "texture": "#6"},
				"down": {"uv": [0.89063, 8.25, 0.5, 8.4375], "texture": "#6"}
			}
		},
		{
			"from": [7.802, 7.0062, -3.33967],
			"to": [9.338, 7.7722, -1.80367],
			"rotation": {"angle": 45, "axis": "x", "origin": [7.8, 8.0052, -1.80167]},
			"faces": {
				"north": {"uv": [8, 7, 8.39063, 7.1875], "texture": "#6"},
				"east": {"uv": [7.25, 8, 7.64063, 8.1875], "texture": "#6"},
				"south": {"uv": [8, 7.25, 8.39063, 7.4375], "texture": "#6"},
				"west": {"uv": [8, 7.5, 8.39063, 7.6875], "texture": "#6"},
				"up": {"uv": [6.89063, 7.39063, 6.5, 7], "texture": "#6"},
				"down": {"uv": [7.39063, 6.5, 7, 6.89063], "texture": "#6"}
			}
		},
		{
			"from": [7.8, 7.76566, -3.12194],
			"to": [9.34, 8.53566, -1.58194],
			"rotation": {"angle": 22.5, "axis": "x", "origin": [7.8, 8.76666, -1.58194]},
			"faces": {
				"north": {"uv": [8, 6.25, 8.39063, 6.4375], "texture": "#6"},
				"east": {"uv": [8, 6.5, 8.39063, 6.6875], "texture": "#6"},
				"south": {"uv": [6.75, 8, 7.14063, 8.1875], "texture": "#6"},
				"west": {"uv": [8, 6.75, 8.39063, 6.9375], "texture": "#6"},
				"up": {"uv": [6.39063, 7.39063, 6, 7], "texture": "#6"},
				"down": {"uv": [7.39063, 6, 7, 6.39063], "texture": "#6"}
			}
		},
		{
			"from": [7.802, 17.23234, -1.52408],
			"to": [9.338, 18.76834, -0.52708],
			"rotation": {"angle": 22.5, "axis": "x", "origin": [7.8, 18.77034, -1.75708]},
			"faces": {
				"north": {"uv": [5.5, 7, 5.89063, 7.39063], "texture": "#6"},
				"east": {"uv": [1.5, 8, 1.75, 8.39063], "texture": "#6"},
				"south": {"uv": [7, 5.5, 7.39063, 5.89063], "texture": "#6"},
				"west": {"uv": [1.75, 8, 2, 8.39063], "texture": "#6"},
				"up": {"uv": [2.39063, 8.25, 2, 8], "texture": "#6"},
				"down": {"uv": [2.89063, 8, 2.5, 8.25], "texture": "#6"}
			}
		},
		{
			"from": [7.8, 17.23021, -2.3222],
			"to": [9.34, 18.23121, -0.7822],
			"rotation": {"angle": -45, "axis": "x", "origin": [7.8, 18.46221, -0.7822]},
			"faces": {
				"north": {"uv": [0.5, 8, 0.89063, 8.25], "texture": "#6"},
				"east": {"uv": [8, 0.5, 8.39063, 0.75], "texture": "#6"},
				"south": {"uv": [8, 0.75, 8.39063, 1], "texture": "#6"},
				"west": {"uv": [1, 8, 1.39063, 8.25], "texture": "#6"},
				"up": {"uv": [5.39063, 7.39063, 5, 7], "texture": "#6"},
				"down": {"uv": [7.39063, 5, 7, 5.39063], "texture": "#6"}
			}
		},
		{
			"from": [7.802, 16.57447, -1.53745],
			"to": [9.338, 17.57147, -0.00145],
			"rotation": {"angle": -22.5, "axis": "x", "origin": [7.8, 17.80447, 0.00055]},
			"faces": {
				"north": {"uv": [7.75, 3.5, 8.14063, 3.75], "texture": "#6"},
				"east": {"uv": [7.75, 3.75, 8.14063, 4], "texture": "#6"},
				"south": {"uv": [8, 0, 8.39063, 0.25], "texture": "#6"},
				"west": {"uv": [8, 0.25, 8.39063, 0.5], "texture": "#6"},
				"up": {"uv": [4.89063, 7.39063, 4.5, 7], "texture": "#6"},
				"down": {"uv": [7.39063, 4.5, 7, 4.89063], "texture": "#6"}
			}
		},
		{
			"from": [7.8, 15.66525, -1.06798],
			"to": [9.34, 16.66625, 0.47202],
			"rotation": {"angle": 0, "axis": "y", "origin": [7.8, 16.89725, 0.47202]},
			"faces": {
				"north": {"uv": [7.75, 2.5, 8.14063, 2.75], "texture": "#6"},
				"east": {"uv": [7.75, 2.75, 8.14063, 3], "texture": "#6"},
				"south": {"uv": [7.75, 3, 8.14063, 3.25], "texture": "#6"},
				"west": {"uv": [7.75, 3.25, 8.14063, 3.5], "texture": "#6"},
				"up": {"uv": [4.39063, 7.39063, 4, 7], "texture": "#6"},
				"down": {"uv": [7.39063, 4, 7, 4.39063], "texture": "#6"}
			}
		},
		{
			"from": [7.802, 11.0206, -2.48038],
			"to": [9.338, 15.9446, -0.94438],
			"rotation": {"angle": 22.5, "axis": "x", "origin": [7.8, 12.2506, -0.94238]},
			"faces": {
				"north": {"uv": [4.5, 1, 4.89063, 2.23438], "texture": "#6"},
				"east": {"uv": [4.5, 2.25, 4.89063, 3.48438], "texture": "#6"},
				"south": {"uv": [4.5, 3.5, 4.89063, 4.73438], "texture": "#6"},
				"west": {"uv": [4.5, 4.75, 4.89063, 5.98438], "texture": "#6"},
				"up": {"uv": [3.39063, 7.39063, 3, 7], "texture": "#6"},
				"down": {"uv": [3.89063, 7, 3.5, 7.39063], "texture": "#6"}
			}
		},
		{
			"from": [7.8, 9.85371, -2.83662],
			"to": [9.34, 11.70171, -1.29662],
			"rotation": {"angle": 0, "axis": "y", "origin": [7.8, 11.77871, -1.29662]},
			"faces": {
				"north": {"uv": [6, 6.5, 6.39063, 6.96875], "texture": "#6"},
				"east": {"uv": [6.5, 6.5, 6.89063, 6.96875], "texture": "#6"},
				"south": {"uv": [0, 6.75, 0.39063, 7.21875], "texture": "#6"},
				"west": {"uv": [6.75, 1, 7.14063, 1.46875], "texture": "#6"},
				"up": {"uv": [2.39063, 7.39063, 2, 7], "texture": "#6"},
				"down": {"uv": [2.89063, 7, 2.5, 7.39063], "texture": "#6"}
			}
		},
		{
			"from": [7.802, 8.55525, -3.20834],
			"to": [9.338, 9.86025, -1.47234],
			"rotation": {"angle": 0, "axis": "y", "origin": [7.8, 10.09325, -1.67034]},
			"faces": {
				"north": {"uv": [0, 7.75, 0.39063, 8.07813], "texture": "#6"},
				"east": {"uv": [7.5, 7, 7.9375, 7.32813], "texture": "#6"},
				"south": {"uv": [7.75, 1, 8.14063, 1.32813], "texture": "#6"},
				"west": {"uv": [7.5, 7.5, 7.9375, 7.82813], "texture": "#6"},
				"up": {"uv": [7.14063, 2.9375, 6.75, 2.5], "texture": "#6"},
				"down": {"uv": [7.39063, 0, 7, 0.4375], "texture": "#6"}
			}
		},
		{
			"from": [7.002, 0.12308, 3.34349],
			"to": [9.998, 1.41908, 7.33949],
			"rotation": {"angle": 22.5, "axis": "x", "origin": [7, 2.12108, 6.34149]},
			"faces": {
				"north": {"uv": [4.5, 6.5, 5.25, 6.82813], "texture": "#6"},
				"east": {"uv": [2, 5.5, 3, 5.82813], "texture": "#6"},
				"south": {"uv": [5.25, 6.5, 6, 6.82813], "texture": "#6"},
				"west": {"uv": [1, 5.5, 2, 5.82813], "texture": "#6"},
				"up": {"uv": [4.5, 5, 3.75, 4], "texture": "#6"},
				"down": {"uv": [5.25, 0, 4.5, 1], "texture": "#6"}
			}
		},
		{
			"from": [7, 1.5427, 0.51159],
			"to": [10, 2.8427, 4.51159],
			"rotation": {"angle": 45, "axis": "x", "origin": [7, 3.5427, 3.51159]},
			"faces": {
				"north": {"uv": [6.5, 3.5, 7.25, 3.82813], "texture": "#6"},
				"east": {"uv": [5.25, 0.5, 6.25, 0.82813], "texture": "#6"},
				"south": {"uv": [3.75, 6.5, 4.5, 6.82813], "texture": "#6"},
				"west": {"uv": [5.25, 0, 6.25, 0.32813], "texture": "#6"},
				"up": {"uv": [3, 5, 2.25, 4], "texture": "#6"},
				"down": {"uv": [3.75, 4, 3, 5], "texture": "#6"}
			}
		},
		{
			"from": [7.002, 4.94105, -0.55687],
			"to": [9.998, 8.93705, 0.73913],
			"rotation": {"angle": -22.5, "axis": "x", "origin": [7, 5.93905, 1.44113]},
			"faces": {
				"north": {"uv": [0.75, 4, 1.5, 5], "texture": "#6"},
				"east": {"uv": [5, 5, 5.32813, 6], "texture": "#6"},
				"south": {"uv": [1.5, 4, 2.25, 5], "texture": "#6"},
				"west": {"uv": [5, 4, 5.32813, 5], "texture": "#6"},
				"up": {"uv": [3.75, 6.82813, 3, 6.5], "texture": "#6"},
				"down": {"uv": [7.25, 3, 6.5, 3.32813], "texture": "#6"}
			}
		},
		{
			"from": [7, 7.94532, -1.55468],
			"to": [10, 11.94532, -0.25468],
			"rotation": {"angle": 0, "axis": "y", "origin": [7, 10.94532, 0.44532]},
			"faces": {
				"north": {"uv": [0, 4, 0.75, 5], "texture": "#6"},
				"east": {"uv": [4, 5, 4.32813, 6], "texture": "#6"},
				"south": {"uv": [1.5, 2, 2.25, 3], "texture": "#6"},
				"west": {"uv": [3.5, 5, 3.82813, 6], "texture": "#6"},
				"up": {"uv": [2.25, 6.82813, 1.5, 6.5], "texture": "#6"},
				"down": {"uv": [3, 6.5, 2.25, 6.82813], "texture": "#6"}
			}
		},
		{
			"from": [7.002, 10.95359, -0.55687],
			"to": [9.998, 14.94959, 0.73913],
			"rotation": {"angle": 22.5, "axis": "x", "origin": [7, 13.95159, 1.44113]},
			"faces": {
				"north": {"uv": [3.75, 2, 4.5, 3], "texture": "#6"},
				"east": {"uv": [5, 3, 5.32813, 4], "texture": "#6"},
				"south": {"uv": [3.75, 3, 4.5, 4], "texture": "#6"},
				"west": {"uv": [3, 5, 3.32813, 6], "texture": "#6"},
				"up": {"uv": [7, 6.32813, 6.25, 6], "texture": "#6"},
				"down": {"uv": [1.5, 6.5, 0.75, 6.82813], "texture": "#6"}
			}
		},
		{
			"from": [7, 17.04795, 0.51159],
			"to": [10, 18.34795, 4.51159],
			"rotation": {"angle": -45, "axis": "x", "origin": [7, 16.34795, 3.51159]},
			"faces": {
				"north": {"uv": [6.25, 5, 7, 5.32813], "texture": "#6"},
				"east": {"uv": [5, 2.5, 6, 2.82813], "texture": "#6"},
				"south": {"uv": [6.25, 5.5, 7, 5.82813], "texture": "#6"},
				"west": {"uv": [5, 2, 6, 2.32813], "texture": "#6"},
				"up": {"uv": [4.5, 1, 3.75, 0], "texture": "#6"},
				"down": {"uv": [4.5, 1, 3.75, 2], "texture": "#6"}
			}
		},
		{
			"from": [7.002, 18.47156, 3.34349],
			"to": [9.998, 19.76756, 7.33949],
			"rotation": {"angle": -22.5, "axis": "x", "origin": [7, 17.76956, 6.34149]},
			"faces": {
				"north": {"uv": [6.25, 4, 7, 4.32813], "texture": "#6"},
				"east": {"uv": [2, 5, 3, 5.32813], "texture": "#6"},
				"south": {"uv": [6.25, 4.5, 7, 4.82813], "texture": "#6"},
				"west": {"uv": [5, 1.5, 6, 1.82813], "texture": "#6"},
				"up": {"uv": [3, 4, 2.25, 3], "texture": "#6"},
				"down": {"uv": [3.75, 3, 3, 4], "texture": "#6"}
			}
		},
		{
			"from": [7.8, 7.29739, -4.85465],
			"to": [9.34, 8.83739, -4.08465],
			"rotation": {"angle": 22.5, "axis": "x", "origin": [7.8, 6.91432, -4.77845]},
			"faces": {
				"north": {"uv": [1, 7, 1.39063, 7.39063], "texture": "#6"},
				"east": {"uv": [8, 5.5, 8.1875, 5.89063], "texture": "#6"},
				"south": {"uv": [1.5, 7, 1.89063, 7.39063], "texture": "#6"},
				"west": {"uv": [6, 8, 6.1875, 8.39063], "texture": "#6"},
				"up": {"uv": [8.39063, 6.1875, 8, 6], "texture": "#6"},
				"down": {"uv": [6.64063, 8, 6.25, 8.1875], "texture": "#6"}
			}
		},
		{
			"from": [8.6, -7, -11.5],
			"to": [8.6, 26, 7.1],
			"rotation": {"angle": 0, "axis": "y", "origin": [8.6, -9, 10.5]},
			"faces": {
				"north": {"uv": [0, 0, 0, 4.125], "texture": "#3"},
				"east": {"uv": [0, 4.125, 2.32813, 8.25], "texture": "#3"},
				"south": {"uv": [0, 0, 0, 4.125], "texture": "#3"},
				"west": {"uv": [2.375, 4.125, 4.70313, 8.25], "texture": "#3"},
				"up": {"uv": [0, 2.78125, 0, 0], "texture": "#3"},
				"down": {"uv": [0, 0, 0, 2.78125], "texture": "#3"}
			}
		},
		{
			"from": [8.6, -7, 6.3],
			"to": [8.6, 26, 28.5],
			"rotation": {"angle": 0, "axis": "y", "origin": [8.6, -9, 6.5]},
			"faces": {
				"north": {"uv": [0, 0, 0, 4.125], "texture": "#3"},
				"east": {"uv": [0, 0, 2.78125, 4.125], "texture": "#3"},
				"south": {"uv": [0, 0, 0, 4.125], "texture": "#3"},
				"west": {"uv": [2.875, 0, 5.65625, 4.125], "texture": "#3"},
				"up": {"uv": [0, 2.78125, 0, 0], "texture": "#3"},
				"down": {"uv": [0, 0, 0, 2.78125], "texture": "#3"}
			}
		},
		{
			"from": [8.5, 1.19064, 6.5],
			"to": [8.5, 3.49064, 10.5],
			"rotation": {"angle": 0, "axis": "y", "origin": [7.5, 3.19064, 7.5]},
			"faces": {
				"north": {"uv": [0, 0, 0, 0.28125], "texture": "#3"},
				"east": {"uv": [4.75, 4.125, 5.25, 4.40625], "texture": "#3"},
				"south": {"uv": [0, 0, 0, 0.28125], "texture": "#3"},
				"west": {"uv": [4.75, 4.5, 5.25, 4.78125], "texture": "#3"},
				"up": {"uv": [0, 0.5, 0, 0], "texture": "#3"},
				"down": {"uv": [0, 0, 0, 0.5], "texture": "#3"}
			}
		},
		{
			"from": [8.5, 16.50936, 6.5],
			"to": [8.5, 18.80936, 10.5],
			"rotation": {"angle": 0, "axis": "y", "origin": [7.5, 16.80936, 7.5]},
			"faces": {
				"north": {"uv": [0, 0, 0, 0.28125], "texture": "#3"},
				"east": {"uv": [4.75, 4.875, 5.25, 5.15625], "texture": "#3"},
				"south": {"uv": [0, 0, 0, 0.28125], "texture": "#3"},
				"west": {"uv": [5.25, 4.125, 5.75, 4.40625], "texture": "#3"},
				"up": {"uv": [0, 0.5, 0, 0], "texture": "#3"},
				"down": {"uv": [0, 0, 0, 0.5], "texture": "#3"}
			}
		},
		{
			"from": [7.258, -4.381, -3.71],
			"to": [7.258, 21.621, 20.81],
			"rotation": {"angle": 0, "axis": "y", "origin": [5.434, 13.921, 7.41]},
			"faces": {
				"north": {"uv": [0, 0, 0, 4.5625], "texture": "#5"},
				"east": {"uv": [4.5, 0, 9, 4.5625], "texture": "#5"},
				"south": {"uv": [0, 0, 0, 4.5625], "texture": "#5"},
				"west": {"uv": [4.5, 0, 9, 4.5625], "texture": "#5"},
				"up": {"uv": [0, 4.5, 0, 0], "texture": "#5"},
				"down": {"uv": [0, 0, 0, 4.5], "texture": "#5"}
			}
		},
		{
			"from": [8.658, -4.267, -3.71],
			"to": [8.658, 20.595, 20.81],
			"rotation": {"angle": 0, "axis": "y", "origin": [10.482, 14.035, 7.41]},
			"faces": {
				"north": {"uv": [0, 0, 0, 4.5625], "texture": "#5"},
				"east": {"uv": [13.5, 4.75, 9, 9.3125], "texture": "#5"},
				"south": {"uv": [0, 0, 0, 4.5625], "texture": "#5"},
				"west": {"uv": [13.5, 4.75, 9, 9.3125], "texture": "#5"},
				"up": {"uv": [0, 4.5, 0, 0], "texture": "#5"},
				"down": {"uv": [0, 0, 0, 4.5], "texture": "#5"}
			}
		},
		{
			"from": [9, -4.267, -3.71],
			"to": [9, 20.595, 20.81],
			"rotation": {"angle": 0, "axis": "y", "origin": [10.824, 14.035, 7.41]},
			"faces": {
				"north": {"uv": [0, 0, 0, 4.5625], "texture": "#5"},
				"east": {"uv": [9, 4.75, 4.5, 9.3125], "texture": "#5"},
				"south": {"uv": [0, 0, 0, 4.5625], "texture": "#5"},
				"west": {"uv": [9, 4.75, 4.5, 9.3125], "texture": "#5"},
				"up": {"uv": [0, 4.5, 0, 0], "texture": "#5"},
				"down": {"uv": [0, 0, 0, 4.5], "texture": "#5"}
			}
		},
		{
			"from": [9.342, -4.381, -3.71],
			"to": [9.342, 21.621, 20.81],
			"rotation": {"angle": 0, "axis": "y", "origin": [11.166, 13.921, 7.41]},
			"faces": {
				"north": {"uv": [0, 0, 0, 4.5625], "texture": "#5"},
				"east": {"uv": [9, 0, 4.5, 4.5625], "texture": "#5"},
				"south": {"uv": [0, 0, 0, 4.5625], "texture": "#5"},
				"west": {"uv": [9, 0, 4.5, 4.5625], "texture": "#5"},
				"up": {"uv": [0, 4.5, 0, 0], "texture": "#5"},
				"down": {"uv": [0, 0, 0, 4.5], "texture": "#5"}
			}
		},
		{
			"from": [7.6, -4.267, -3.71],
			"to": [7.6, 20.595, 20.81],
			"rotation": {"angle": 0, "axis": "y", "origin": [5.776, 14.035, 7.41]},
			"faces": {
				"north": {"uv": [0, 0, 0, 4.5625], "texture": "#5"},
				"east": {"uv": [4.5, 4.75, 9, 9.3125], "texture": "#5"},
				"south": {"uv": [0, 0, 0, 4.5625], "texture": "#5"},
				"west": {"uv": [4.5, 4.75, 9, 9.3125], "texture": "#5"},
				"up": {"uv": [0, 4.5, 0, 0], "texture": "#5"},
				"down": {"uv": [0, 0, 0, 4.5], "texture": "#5"}
			}
		},
		{
			"from": [7.942, -4.267, -3.71],
			"to": [7.942, 20.595, 20.81],
			"rotation": {"angle": 0, "axis": "y", "origin": [6.118, 14.035, 7.41]},
			"faces": {
				"north": {"uv": [0, 0, 0, 4.5625], "texture": "#5"},
				"east": {"uv": [9, 4.75, 13.5, 9.3125], "texture": "#5"},
				"south": {"uv": [0, 0, 0, 4.5625], "texture": "#5"},
				"west": {"uv": [9, 4.75, 13.5, 9.3125], "texture": "#5"},
				"up": {"uv": [0, 4.5, 0, 0], "texture": "#5"},
				"down": {"uv": [0, 0, 0, 4.5], "texture": "#5"}
			}
		}
	],
	"display": {
		"thirdperson_righthand": {
			"rotation": [-112.25, 87, -180],
			"translation": [7.25, 1.5, 15.5],
			"scale": [0.42, 0.42, 0.42]
		},
		"thirdperson_lefthand": {
			"rotation": [-112.25, 87, -180],
			"translation": [7.25, 4, 14],
			"scale": [0.42, 0.42, 0.42]
		},
		"firstperson_righthand": {
			"rotation": [3, 104, 0],
			"translation": [-0.25, 6.25, 4.25],
			"scale": [0.33008, 0.33008, 0.33008]
		},
		"firstperson_lefthand": {
			"rotation": [3, 104, 0],
			"translation": [-0.25, 6.25, 4.25],
			"scale": [0.33008, 0.33008, 0.33008]
		},
		"ground": {
			"translation": [0, 5.5, 0],
			"scale": [0.2793, 0.2793, 0.2793]
		},
		"gui": {
			"rotation": [24, 44, 0],
			"translation": [-0.75, 0.5, 0],
			"scale": [0.44, 0.48, 0.46]
		},
		"head": {
			"rotation": [0, -90, 0],
			"translation": [0, 16.75, 23]
		},
		"fixed": {
			"rotation": [0, 90, 0],
			"translation": [0, -5, 0]
		}
	},
	"groups": [
		{
			"name": "group",
			"origin": [8, 8, 8],
			"color": 0,
			"children": [
				{
					"name": "kaira",
					"origin": [7, 18, 7.5],
					"color": 0,
					"children": [
						0,
						1,
						2,
						3,
						4,
						5,
						6,
						7,
						8,
						{
							"name": "flip",
							"origin": [7.5, 7.31711, 22.86372],
							"color": 0,
							"children": [9, 10, 11, 12, 13, 14, 15, 16, 17, 18, 19, 20, 21, 22, 23, 24, 25, 26, 27, 28, 29, 30, 31, 32, 33, 34, 35, 36, 37, 38, 39, 40, 41, 42, 43]
						}
					]
				},
				{
					"name": "fx",
					"origin": [6.518, 15, 6.86],
					"color": 0,
					"children": [
						44,
						45,
						46,
						47,
						{
							"name": "star",
							"origin": [6.518, 14.035, 7.41],
							"color": 0,
							"children": [48, 49, 50, 51, 52, 53]
						}
					]
				}
			]
		}
	]
}