{"model":{"models":[{"model":"modelengine:npc_mammon/bone12","tints":[{"index":0,"default":16777215,"type":"minecraft:custom_model_data"}],"type":"minecraft:model"},{"model":"modelengine:npc_mammon/bone12/1","tints":[{"index":0,"default":16777215,"type":"minecraft:custom_model_data"}],"type":"minecraft:model"},{"model":"modelengine:npc_mammon/bone12/2","tints":[{"index":0,"default":16777215,"type":"minecraft:custom_model_data"}],"type":"minecraft:model"},{"model":"modelengine:npc_mammon/bone12/3","tints":[{"index":0,"default":16777215,"type":"minecraft:custom_model_data"}],"type":"minecraft:model"}],"type":"minecraft:composite"}}