{
	"credit": "made by yanzski",
	"texture_size": [32, 32],
	"textures": {
		"0": "./handle",
		"1": "./spear",
		"2": "./aura",
		"particle": "./handle"
	},
	"elements": [
		{
			"from": [7.76767, -3.52975, 7.5406],
			"to": [8.51676, 6.20839, 8.28969],
			"rotation": {"angle": 0, "axis": "y", "origin": [8.51676, -0.90794, 7.5406]},
			"faces": {
				"north": {"uv": [3.92188, 2.25, 3.75, 4.45313], "texture": "#0"},
				"east": {"uv": [0.42188, 4.125, 0.25, 6.32813], "texture": "#0"},
				"south": {"uv": [0.17188, 4.125, 0, 6.32813], "texture": "#0"},
				"west": {"uv": [4.17188, 2.25, 4, 4.45313], "texture": "#0"},
				"up": {"uv": [5, 2.42188, 5.17188, 2.25], "texture": "#0"},
				"down": {"uv": [5, 2.5, 5.17188, 2.67188], "texture": "#0"}
			}
		},
		{
			"from": [7.60661, 5.75332, 7.37955],
			"to": [8.67781, 6.28892, 8.45074],
			"rotation": {"angle": 0, "axis": "y", "origin": [8.14221, 6.02112, 7.91515]},
			"faces": {
				"north": {"uv": [5.125, 4.75, 4.875, 4.875], "texture": "#0"},
				"east": {"uv": [0.75, 5, 0.5, 5.125], "texture": "#0"},
				"south": {"uv": [5.25, 0.375, 5, 0.5], "texture": "#0"},
				"west": {"uv": [5.25, 0.25, 5, 0.375], "texture": "#0"},
				"up": {"uv": [1.875, 4.75, 2.125, 4.5], "texture": "#0"},
				"down": {"uv": [3.25, 4.5, 3.5, 4.75], "texture": "#0"}
			}
		},
		{
			"from": [7.73703, 6.1077, 7.50997],
			"to": [8.54739, 8.13774, 8.32033],
			"rotation": {"angle": 0, "axis": "y", "origin": [8.14221, 6.77847, 7.91515]},
			"faces": {
				"north": {"uv": [2.4375, 4.125, 2.25, 4.57813], "texture": "#0"},
				"east": {"uv": [3.1875, 4.125, 3, 4.57813], "texture": "#0"},
				"south": {"uv": [2.9375, 4.125, 2.75, 4.57813], "texture": "#0"},
				"west": {"uv": [2.6875, 4.125, 2.5, 4.57813], "texture": "#0"},
				"up": {"uv": [1.5, 5.0625, 1.6875, 4.875], "texture": "#0"},
				"down": {"uv": [4.875, 1.5, 5.0625, 1.6875], "texture": "#0"}
			}
		},
		{
			"from": [7.55875, 7.86429, 7.33169],
			"to": [8.72567, 8.58435, 8.4986],
			"rotation": {"angle": 0, "axis": "y", "origin": [8.14221, 8.2794, 7.91515]},
			"faces": {
				"north": {"uv": [4.89063, 2.5, 4.625, 2.65625], "texture": "#0"},
				"east": {"uv": [4.89063, 3, 4.625, 3.15625], "texture": "#0"},
				"south": {"uv": [4.89063, 2.75, 4.625, 2.90625], "texture": "#0"},
				"west": {"uv": [3.01563, 4.625, 2.75, 4.78125], "texture": "#0"},
				"up": {"uv": [3.25, 4.39063, 3.51563, 4.125], "texture": "#0"},
				"down": {"uv": [4.25, 2.25, 4.51563, 2.51563], "texture": "#0"}
			}
		},
		{
			"from": [7.47123, 8.36109, 7.24417],
			"to": [8.81319, 9.18916, 8.58612],
			"rotation": {"angle": 22.5, "axis": "z", "origin": [8.14221, 8.77512, 7.91515]},
			"faces": {
				"north": {"uv": [4.92188, 0, 4.625, 0.1875], "texture": "#0"},
				"east": {"uv": [4.92188, 0.75, 4.625, 0.9375], "texture": "#0"},
				"south": {"uv": [4.92188, 0.5, 4.625, 0.6875], "texture": "#0"},
				"west": {"uv": [4.92188, 0.25, 4.625, 0.4375], "texture": "#0"},
				"up": {"uv": [1.5, 4.42188, 1.79688, 4.125], "texture": "#0"},
				"down": {"uv": [1.875, 4.125, 2.17188, 4.42188], "texture": "#0"}
			}
		},
		{
			"from": [7.28536, 7.95994, 7.41916],
			"to": [7.89746, 8.6209, 8.41113],
			"rotation": {"angle": -22.5, "axis": "z", "origin": [7.59141, 8.22432, 7.91515]},
			"faces": {
				"north": {"uv": [3.89063, 5, 3.75, 5.15625], "texture": "#0"},
				"east": {"uv": [5.09375, 2, 4.875, 2.15625], "texture": "#0"},
				"south": {"uv": [4.14063, 5, 4, 5.15625], "texture": "#0"},
				"west": {"uv": [5.09375, 1.75, 4.875, 1.90625], "texture": "#0"},
				"up": {"uv": [5, 0.71875, 5.14063, 0.5], "texture": "#0"},
				"down": {"uv": [0.75, 5, 0.89063, 5.21875], "texture": "#0"}
			}
		},
		{
			"from": [7.55875, 10.61829, 7.33169],
			"to": [8.72567, 11.33835, 8.4986],
			"rotation": {"angle": -22.5, "axis": "z", "origin": [8.14221, 10.97832, 7.91515]},
			"faces": {
				"north": {"uv": [4.76563, 4.625, 4.5, 4.78125], "texture": "#0"},
				"east": {"uv": [3.39063, 4.75, 3.125, 4.90625], "texture": "#0"},
				"south": {"uv": [1.14063, 4.75, 0.875, 4.90625], "texture": "#0"},
				"west": {"uv": [0.76563, 4.75, 0.5, 4.90625], "texture": "#0"},
				"up": {"uv": [4.25, 2.89063, 4.51563, 2.625], "texture": "#0"},
				"down": {"uv": [4.25, 3, 4.51563, 3.26563], "texture": "#0"}
			}
		},
		{
			"from": [7.47987, 10.8205, 7.32585],
			"to": [7.75803, 11.54776, 8.50444],
			"rotation": {"angle": 0, "axis": "y", "origin": [7.59114, 10.97626, 7.91515]},
			"faces": {
				"north": {"uv": [5.1875, 1.625, 5.125, 1.79688], "texture": "#0"},
				"east": {"uv": [2.64063, 4.625, 2.375, 4.79688], "texture": "#0"},
				"south": {"uv": [5.1875, 1.875, 5.125, 2.04688], "texture": "#0"},
				"west": {"uv": [4.89063, 2.25, 4.625, 2.42188], "texture": "#0"},
				"up": {"uv": [5, 4.26563, 5.0625, 4], "texture": "#0"},
				"down": {"uv": [4.25, 5, 4.3125, 5.26563], "texture": "#0"}
			}
		},
		{
			"from": [7.48266, 10.82777, 7.33764],
			"to": [7.75525, 11.54048, 8.49265],
			"rotation": {"angle": -45, "axis": "z", "origin": [7.61895, 11.18413, 7.91515]},
			"faces": {
				"north": {"uv": [2.1875, 5.125, 2.125, 5.28125], "texture": "#0"},
				"east": {"uv": [5.01563, 3.5, 4.75, 3.65625], "texture": "#0"},
				"south": {"uv": [2.3125, 5.125, 2.25, 5.28125], "texture": "#0"},
				"west": {"uv": [5.01563, 3.25, 4.75, 3.40625], "texture": "#0"},
				"up": {"uv": [4.375, 5.26563, 4.4375, 5], "texture": "#0"},
				"down": {"uv": [5, 4.875, 5.0625, 5.14063], "texture": "#0"}
			}
		},
		{
			"from": [4.17786, -5.14543, 7.88844],
			"to": [12.16165, 12.64208, 7.94185],
			"rotation": {"angle": 0, "axis": "y", "origin": [6.51735, 11.18413, 7.91515]},
			"faces": {
				"north": {"uv": [1.875, 0, 3.6875, 4.03125], "texture": "#0"},
				"east": {"uv": [1.76563, 4.5, 1.75, 8.53125], "texture": "#0"},
				"south": {"uv": [3.6875, 0, 1.875, 4.03125], "texture": "#0"},
				"west": {"uv": [3.64063, 4.125, 3.625, 8.15625], "texture": "#0"},
				"up": {"uv": [5, 3.76563, 6.8125, 3.75], "texture": "#0"},
				"down": {"uv": [5, 3.875, 6.8125, 3.89063], "texture": "#0"}
			}
		},
		{
			"from": [7.58793, 11.1871, 7.36086],
			"to": [8.6965, 11.87115, 8.46943],
			"rotation": {"angle": 0, "axis": "y", "origin": [8.14221, 11.52912, 7.91515]},
			"faces": {
				"north": {"uv": [4, 4.75, 3.75, 4.90625], "texture": "#0"},
				"east": {"uv": [5, 4, 4.75, 4.15625], "texture": "#0"},
				"south": {"uv": [4.25, 4.75, 4, 4.90625], "texture": "#0"},
				"west": {"uv": [5, 3.75, 4.75, 3.90625], "texture": "#0"},
				"up": {"uv": [4.5, 3.625, 4.75, 3.375], "texture": "#0"},
				"down": {"uv": [4.5, 3.625, 4.75, 3.875], "texture": "#0"}
			}
		},
		{
			"from": [7.59305, 11.19262, 7.3664],
			"to": [8.69054, 11.86984, 8.46389],
			"rotation": {"angle": 22.5, "axis": "z", "origin": [7.5965, 11.53123, 7.91515]},
			"faces": {
				"north": {"uv": [4.5, 4.75, 4.25, 4.90625], "texture": "#0"},
				"east": {"uv": [5.125, 1.25, 4.875, 1.40625], "texture": "#0"},
				"south": {"uv": [5.125, 1, 4.875, 1.15625], "texture": "#0"},
				"west": {"uv": [5, 4.25, 4.75, 4.40625], "texture": "#0"},
				"up": {"uv": [3.75, 4.75, 4, 4.5], "texture": "#0"},
				"down": {"uv": [4.5, 3.875, 4.75, 4.125], "texture": "#0"}
			}
		},
		{
			"from": [7.58361, 11.62655, 7.37732],
			"to": [8.65926, 11.8992, 8.45297],
			"rotation": {"angle": -22.5, "axis": "z", "origin": [8.68499, 12.0765, 7.91515]},
			"faces": {
				"north": {"uv": [5.25, 4.375, 5, 4.4375], "texture": "#0"},
				"east": {"uv": [5.375, 1.125, 5.125, 1.1875], "texture": "#0"},
				"south": {"uv": [5.375, 1, 5.125, 1.0625], "texture": "#0"},
				"west": {"uv": [0.75, 5.125, 0.5, 5.1875], "texture": "#0"},
				"up": {"uv": [4, 4.75, 4.25, 4.5], "texture": "#0"},
				"down": {"uv": [4.5, 4.125, 4.75, 4.375], "texture": "#0"}
			}
		},
		{
			"from": [7.49085, 11.81892, 7.37189],
			"to": [8.57736, 12.09432, 8.4584],
			"rotation": {"angle": 0, "axis": "y", "origin": [8.69146, 12.07724, 7.91515]},
			"faces": {
				"north": {"uv": [5.375, 1.25, 5.125, 1.3125], "texture": "#0"},
				"east": {"uv": [5.375, 1.5, 5.125, 1.5625], "texture": "#0"},
				"south": {"uv": [1.75, 5.125, 1.5, 5.1875], "texture": "#0"},
				"west": {"uv": [5.375, 1.375, 5.125, 1.4375], "texture": "#0"},
				"up": {"uv": [4.25, 4.75, 4.5, 4.5], "texture": "#0"},
				"down": {"uv": [4.5, 4.375, 4.75, 4.625], "texture": "#0"}
			}
		},
		{
			"from": [7.68128, 8.60637, 7.45421],
			"to": [8.60314, 11.14708, 8.37608],
			"rotation": {"angle": 0, "axis": "y", "origin": [8.14221, 9.4851, 7.91515]},
			"faces": {
				"north": {"uv": [0.70313, 4.125, 0.5, 4.70313], "texture": "#0"},
				"east": {"uv": [1.45313, 4.125, 1.25, 4.70313], "texture": "#0"},
				"south": {"uv": [1.20313, 4.125, 1, 4.70313], "texture": "#0"},
				"west": {"uv": [0.95313, 4.125, 0.75, 4.70313], "texture": "#0"},
				"up": {"uv": [1.25, 4.95313, 1.45313, 4.75], "texture": "#0"},
				"down": {"uv": [1.875, 4.75, 2.07813, 4.95313], "texture": "#0"}
			}
		},
		{
			"from": [7.64032, -3.65709, 7.41326],
			"to": [8.6441, -3.02786, 8.41703],
			"rotation": {"angle": 0, "axis": "y", "origin": [8.14221, 1.61274, 7.91515]},
			"faces": {
				"north": {"uv": [2.35938, 4.875, 2.125, 5.01563], "texture": "#0"},
				"east": {"uv": [3.10938, 4.875, 2.875, 5.01563], "texture": "#0"},
				"south": {"uv": [2.85938, 4.875, 2.625, 5.01563], "texture": "#0"},
				"west": {"uv": [2.60938, 4.875, 2.375, 5.01563], "texture": "#0"},
				"up": {"uv": [4.625, 1.23438, 4.85938, 1], "texture": "#0"},
				"down": {"uv": [4.625, 1.25, 4.85938, 1.48438], "texture": "#0"}
			}
		},
		{
			"from": [7.91446, -3.25096, 7.54837],
			"to": [8.41761, -2.79112, 8.28193],
			"rotation": {"angle": 45, "axis": "z", "origin": [8.10171, -3.25901, 7.91515]},
			"faces": {
				"north": {"uv": [2.25, 4.5, 2.125, 4.625], "texture": "#0"},
				"east": {"uv": [3.5625, 5, 3.375, 5.125], "texture": "#0"},
				"south": {"uv": [3.25, 4.625, 3.125, 4.75], "texture": "#0"},
				"west": {"uv": [3.3125, 5, 3.125, 5.125], "texture": "#0"},
				"up": {"uv": [3.5, 4.6875, 3.625, 4.5], "texture": "#0"},
				"down": {"uv": [3.5, 4.75, 3.625, 4.9375], "texture": "#0"}
			}
		},
		{
			"from": [7.64032, -5.15527, 7.41326],
			"to": [8.6441, -4.52604, 8.41703],
			"rotation": {"angle": 0, "axis": "y", "origin": [8.14221, 0.11456, 7.91515]},
			"faces": {
				"north": {"uv": [4.73438, 4.875, 4.5, 5.01563], "texture": "#0"},
				"east": {"uv": [5.23438, 0, 5, 0.14063], "texture": "#0"},
				"south": {"uv": [4.98438, 4.875, 4.75, 5.01563], "texture": "#0"},
				"west": {"uv": [5.10938, 4.5, 4.875, 4.64063], "texture": "#0"},
				"up": {"uv": [4.625, 1.73438, 4.85938, 1.5], "texture": "#0"},
				"down": {"uv": [4.625, 1.75, 4.85938, 1.98438], "texture": "#0"}
			}
		},
		{
			"from": [7.08165, -8.59711, 7.79282],
			"to": [10.95129, -3.79298, 7.79282],
			"rotation": {"angle": 0, "axis": "y", "origin": [8.51676, -5.03894, 7.91515]},
			"faces": {
				"north": {"uv": [3.75, 0, 4.625, 1.09375], "texture": "#0"},
				"east": {"uv": [3.75, 0, 4.625, 1.09375], "texture": "#0"},
				"south": {"uv": [4.625, 0, 3.75, 1.09375], "texture": "#0"},
				"west": {"uv": [3.75, 0, 4.625, 1.09375], "texture": "#0"},
				"up": {"uv": [3.75, 0, 4.625, 1.09375], "texture": "#0"},
				"down": {"uv": [3.75, 0, 4.625, 1.09375], "texture": "#0"}
			}
		},
		{
			"from": [7.64534, -5.52667, 7.41828],
			"to": [8.63908, -4.90373, 8.41202],
			"rotation": {"angle": -22.5, "axis": "z", "origin": [8.14221, -5.2152, 7.91515]},
			"faces": {
				"north": {"uv": [5.21875, 0.75, 5, 0.89063], "texture": "#0"},
				"east": {"uv": [2.09375, 5, 1.875, 5.14063], "texture": "#0"},
				"south": {"uv": [1.46875, 5, 1.25, 5.14063], "texture": "#0"},
				"west": {"uv": [1.21875, 5, 1, 5.14063], "texture": "#0"},
				"up": {"uv": [4.625, 2.21875, 4.84375, 2], "texture": "#0"},
				"down": {"uv": [2.125, 4.625, 2.34375, 4.84375], "texture": "#0"}
			}
		},
		{
			"from": [7.75014, -4.8041, 7.52307],
			"to": [8.53429, -3.17303, 8.30722],
			"rotation": {"angle": 0, "axis": "y", "origin": [8.14221, 0.45221, 7.91515]},
			"faces": {
				"north": {"uv": [4.42188, 3.375, 4.25, 3.75], "texture": "#0"},
				"east": {"uv": [1.67188, 4.5, 1.5, 4.875], "texture": "#0"},
				"south": {"uv": [4.42188, 4.125, 4.25, 4.5], "texture": "#0"},
				"west": {"uv": [4.42188, 3.75, 4.25, 4.125], "texture": "#0"},
				"up": {"uv": [5, 2.92188, 5.17188, 2.75], "texture": "#0"},
				"down": {"uv": [5, 3, 5.17188, 3.17188], "texture": "#0"}
			}
		},
		{
			"from": [7.80072, 11.74944, 7.57365],
			"to": [8.62692, 12.98323, 8.25664],
			"rotation": {"angle": 22.5, "axis": "z", "origin": [8.14221, 12.36634, 7.91515]},
			"faces": {
				"north": {"uv": [1, 7.5, 1.20313, 7.8125], "texture": "#1"},
				"east": {"uv": [2, 7.5, 2.17188, 7.8125], "texture": "#1"},
				"south": {"uv": [1.25, 7.5, 1.45313, 7.8125], "texture": "#1"},
				"west": {"uv": [2.25, 7.5, 2.42188, 7.8125], "texture": "#1"},
				"up": {"uv": [4.70313, 7.67188, 4.5, 7.5], "texture": "#1"},
				"down": {"uv": [4.95313, 7.5, 4.75, 7.67188], "texture": "#1"}
			}
		},
		{
			"from": [7.63667, 12.52842, 7.41117],
			"to": [8.64463, 13.04617, 8.41913],
			"rotation": {"angle": 22.5, "axis": "z", "origin": [7.63667, 12.82354, 7.41117]},
			"faces": {
				"north": {"uv": [5, 7.5, 5.25, 7.625], "texture": "#1"},
				"east": {"uv": [5.25, 7.5, 5.5, 7.625], "texture": "#1"},
				"south": {"uv": [5.5, 7.5, 5.75, 7.625], "texture": "#1"},
				"west": {"uv": [5.75, 7.5, 6, 7.625], "texture": "#1"},
				"up": {"uv": [1.75, 7.75, 1.5, 7.5], "texture": "#1"},
				"down": {"uv": [2, 7.5, 1.75, 7.75], "texture": "#1"}
			}
		},
		{
			"from": [7.79794, 13.16206, 7.57244],
			"to": [8.48335, 13.51413, 8.25785],
			"rotation": {"angle": 0, "axis": "y", "origin": [7.79794, 13.36274, 7.57244]},
			"faces": {
				"north": {"uv": [6.5, 7.5, 6.67188, 7.59375], "texture": "#1"},
				"east": {"uv": [6.75, 7.5, 6.92188, 7.59375], "texture": "#1"},
				"south": {"uv": [7, 7.5, 7.17188, 7.59375], "texture": "#1"},
				"west": {"uv": [7.25, 7.5, 7.42188, 7.59375], "texture": "#1"},
				"up": {"uv": [6.17188, 7.67188, 6, 7.5], "texture": "#1"},
				"down": {"uv": [6.42188, 7.5, 6.25, 7.67188], "texture": "#1"}
			}
		},
		{
			"from": [7.60606, 12.49941, 7.379],
			"to": [8.67836, 13.05021, 8.45129],
			"rotation": {"angle": 0, "axis": "y", "origin": [7.60606, 12.81337, 7.379]},
			"faces": {
				"north": {"uv": [2.5, 7.5, 2.76563, 7.64063], "texture": "#1"},
				"east": {"uv": [3, 7.5, 3.26563, 7.64063], "texture": "#1"},
				"south": {"uv": [3.5, 7.5, 3.76563, 7.64063], "texture": "#1"},
				"west": {"uv": [4, 7.5, 4.26563, 7.64063], "texture": "#1"},
				"up": {"uv": [0.26563, 7.76563, 0, 7.5], "texture": "#1"},
				"down": {"uv": [0.76563, 7.5, 0.5, 7.76563], "texture": "#1"}
			}
		},
		{
			"from": [5.8, 10.5, 7.78322],
			"to": [11.2, 21.37603, 7.78322],
			"rotation": {"angle": 0, "axis": "y", "origin": [15.88952, 10.89121, 7.68361]},
			"faces": {
				"north": {"uv": [4.92188, 0, 0, 7.46875], "texture": "#1"},
				"east": {"uv": [0, 0, 0, 7.46875], "texture": "#1"},
				"south": {"uv": [0, 0, 4.92188, 7.46875], "texture": "#1"},
				"west": {"uv": [0, 0, 0, 7.46875], "texture": "#1"},
				"up": {"uv": [0, 0, 4.92188, 0], "texture": "#1"},
				"down": {"uv": [0, 0, 4.92188, 0], "texture": "#1"}
			}
		},
		{
			"from": [9.325, 14.975, 7.79],
			"to": [10.425, 21.125, 7.79],
			"rotation": {"angle": 0, "axis": "y", "origin": [11.55, 12, 8.025]},
			"faces": {
				"north": {"uv": [11.07266, 9.74219, 5.49219, 11.56016], "rotation": 270, "texture": "#2"},
				"east": {"uv": [11.07266, 11.56016, 5.49219, 9.74219], "rotation": 270, "texture": "#2"},
				"south": {"uv": [11.07266, 11.56016, 5.49219, 9.74219], "rotation": 270, "texture": "#2"},
				"west": {"uv": [11.07266, 11.56016, 5.49219, 9.74219], "rotation": 270, "texture": "#2"},
				"up": {"uv": [11.07266, 11.56016, 5.49219, 9.74219], "rotation": 270, "texture": "#2"},
				"down": {"uv": [11.07266, 11.56016, 5.49219, 9.74219], "rotation": 270, "texture": "#2"}
			}
		},
		{
			"from": [10.225, 12.175, 7.79],
			"to": [11.05, 14.3, 7.79],
			"rotation": {"angle": 45, "axis": "z", "origin": [11.55, 12, 8.025]},
			"faces": {
				"north": {"uv": [10.54141, 9.09141, 6.71094, 7.27344], "rotation": 270, "texture": "#2"},
				"east": {"uv": [10.54141, 7.27344, 6.71094, 9.09141], "rotation": 270, "texture": "#2"},
				"south": {"uv": [10.54141, 7.27344, 6.71094, 9.09141], "rotation": 270, "texture": "#2"},
				"west": {"uv": [10.54141, 7.27344, 6.71094, 9.09141], "rotation": 270, "texture": "#2"},
				"up": {"uv": [10.54141, 7.27344, 6.71094, 9.09141], "rotation": 270, "texture": "#2"},
				"down": {"uv": [10.54141, 7.27344, 6.71094, 9.09141], "rotation": 270, "texture": "#2"}
			}
		},
		{
			"from": [7.575, 17.175, 7.79],
			"to": [8.325, 19.3, 7.79],
			"rotation": {"angle": 22.5, "axis": "z", "origin": [8.825, 17, 8.025]},
			"faces": {
				"north": {"uv": [10.54141, 9.09141, 6.71094, 7.27344], "rotation": 270, "texture": "#2"},
				"east": {"uv": [10.54141, 7.27344, 6.71094, 9.09141], "rotation": 270, "texture": "#2"},
				"south": {"uv": [10.54141, 7.27344, 6.71094, 9.09141], "rotation": 270, "texture": "#2"},
				"west": {"uv": [10.54141, 7.27344, 6.71094, 9.09141], "rotation": 270, "texture": "#2"},
				"up": {"uv": [10.54141, 7.27344, 6.71094, 9.09141], "rotation": 270, "texture": "#2"},
				"down": {"uv": [10.54141, 7.27344, 6.71094, 9.09141], "rotation": 270, "texture": "#2"}
			}
		},
		{
			"from": [10.3, 13.825, 7.79],
			"to": [11.05, 15.95, 7.79],
			"rotation": {"angle": 22.5, "axis": "z", "origin": [11.625, 13.65, 8.025]},
			"faces": {
				"north": {"uv": [10.69453, 7.27344, 6.71094, 9.09141], "rotation": 270, "texture": "#2"},
				"east": {"uv": [10.69453, 9.09141, 6.71094, 7.27344], "rotation": 270, "texture": "#2"},
				"south": {"uv": [10.69453, 9.09141, 6.71094, 7.27344], "rotation": 270, "texture": "#2"},
				"west": {"uv": [10.69453, 9.09141, 6.71094, 7.27344], "rotation": 270, "texture": "#2"},
				"up": {"uv": [10.69453, 9.09141, 6.71094, 7.27344], "rotation": 270, "texture": "#2"},
				"down": {"uv": [10.69453, 9.09141, 6.71094, 7.27344], "rotation": 270, "texture": "#2"}
			}
		},
		{
			"from": [6.85, 19.2, 7.79],
			"to": [7.6, 21.325, 7.79],
			"rotation": {"angle": 0, "axis": "z", "origin": [8.175, 19.025, 8.025]},
			"faces": {
				"north": {"uv": [10.69453, 9.09141, 6.71094, 7.27344], "rotation": 270, "texture": "#2"},
				"east": {"uv": [10.69453, 7.27344, 6.71094, 9.09141], "rotation": 270, "texture": "#2"},
				"south": {"uv": [11.43281, 7.29453, 7.44922, 9.21641], "rotation": 270, "texture": "#2"},
				"west": {"uv": [10.69453, 7.27344, 6.71094, 9.09141], "rotation": 270, "texture": "#2"},
				"up": {"uv": [10.69453, 7.27344, 6.71094, 9.09141], "rotation": 270, "texture": "#2"},
				"down": {"uv": [10.69453, 7.27344, 6.71094, 9.09141], "rotation": 270, "texture": "#2"}
			}
		},
		{
			"from": [10.225, 11.825, 7.79],
			"to": [11.05, 13.95, 7.79],
			"rotation": {"angle": 0, "axis": "y", "origin": [11.55, 11.65, 8.025]},
			"faces": {
				"north": {"uv": [10.54141, 9.09141, 6.71094, 7.27344], "rotation": 270, "texture": "#2"},
				"east": {"uv": [10.54141, 7.27344, 6.71094, 9.09141], "rotation": 270, "texture": "#2"},
				"south": {"uv": [10.54141, 7.27344, 6.71094, 9.09141], "rotation": 270, "texture": "#2"},
				"west": {"uv": [10.54141, 7.27344, 6.71094, 9.09141], "rotation": 270, "texture": "#2"},
				"up": {"uv": [10.54141, 7.27344, 6.71094, 9.09141], "rotation": 270, "texture": "#2"},
				"down": {"uv": [10.54141, 7.27344, 6.71094, 9.09141], "rotation": 270, "texture": "#2"}
			}
		},
		{
			"from": [7.925, 14.825, 7.79],
			"to": [8.75, 16.95, 7.79],
			"rotation": {"angle": 0, "axis": "y", "origin": [9.25, 14.65, 8.025]},
			"faces": {
				"north": {"uv": [10.54141, 9.09141, 6.71094, 7.27344], "rotation": 270, "texture": "#2"},
				"east": {"uv": [10.54141, 7.27344, 6.71094, 9.09141], "rotation": 270, "texture": "#2"},
				"south": {"uv": [10.54141, 7.27344, 6.71094, 9.09141], "rotation": 270, "texture": "#2"},
				"west": {"uv": [10.54141, 7.27344, 6.71094, 9.09141], "rotation": 270, "texture": "#2"},
				"up": {"uv": [10.54141, 7.27344, 6.71094, 9.09141], "rotation": 270, "texture": "#2"},
				"down": {"uv": [10.54141, 7.27344, 6.71094, 9.09141], "rotation": 270, "texture": "#2"}
			}
		},
		{
			"from": [6.875, 11.625, 7.79],
			"to": [7.325, 13.75, 7.79],
			"rotation": {"angle": 0, "axis": "y", "origin": [7.825, 11.45, 8.025]},
			"faces": {
				"north": {"uv": [10.54141, 9.09141, 6.71094, 7.27344], "rotation": 270, "texture": "#2"},
				"east": {"uv": [10.54141, 7.27344, 6.71094, 9.09141], "rotation": 270, "texture": "#2"},
				"south": {"uv": [10.54141, 7.27344, 6.71094, 9.09141], "rotation": 270, "texture": "#2"},
				"west": {"uv": [10.54141, 7.27344, 6.71094, 9.09141], "rotation": 270, "texture": "#2"},
				"up": {"uv": [10.54141, 7.27344, 6.71094, 9.09141], "rotation": 270, "texture": "#2"},
				"down": {"uv": [10.54141, 7.27344, 6.71094, 9.09141], "rotation": 270, "texture": "#2"}
			}
		},
		{
			"from": [7.2, 17.825, 7.79],
			"to": [7.75, 19.95, 7.79],
			"rotation": {"angle": 0, "axis": "y", "origin": [8.25, 17.65, 8.025]},
			"faces": {
				"north": {"uv": [10.54141, 9.09141, 6.71094, 7.27344], "rotation": 270, "texture": "#2"},
				"east": {"uv": [10.54141, 7.27344, 6.71094, 9.09141], "rotation": 270, "texture": "#2"},
				"south": {"uv": [10.54141, 7.27344, 6.71094, 9.09141], "rotation": 270, "texture": "#2"},
				"west": {"uv": [10.54141, 7.27344, 6.71094, 9.09141], "rotation": 270, "texture": "#2"},
				"up": {"uv": [10.54141, 7.27344, 6.71094, 9.09141], "rotation": 270, "texture": "#2"},
				"down": {"uv": [10.54141, 7.27344, 6.71094, 9.09141], "rotation": 270, "texture": "#2"}
			}
		},
		{
			"from": [7.275, 13.4, 7.79],
			"to": [8.1, 15.525, 7.79],
			"rotation": {"angle": -22.5, "axis": "z", "origin": [8.6, 13.225, 8.025]},
			"faces": {
				"north": {"uv": [10.54141, 9.09141, 6.71094, 7.27344], "rotation": 270, "texture": "#2"},
				"east": {"uv": [10.54141, 7.27344, 6.71094, 9.09141], "rotation": 270, "texture": "#2"},
				"south": {"uv": [10.54141, 7.27344, 6.71094, 9.09141], "rotation": 270, "texture": "#2"},
				"west": {"uv": [10.54141, 7.27344, 6.71094, 9.09141], "rotation": 270, "texture": "#2"},
				"up": {"uv": [10.54141, 7.27344, 6.71094, 9.09141], "rotation": 270, "texture": "#2"},
				"down": {"uv": [10.54141, 7.27344, 6.71094, 9.09141], "rotation": 270, "texture": "#2"}
			}
		},
		{
			"from": [8.625, 12.1, 7.765],
			"to": [10.05, 21.55, 7.765],
			"rotation": {"angle": 0, "axis": "y", "origin": [10.55, 12, 8]},
			"faces": {
				"north": {"uv": [10.66641, 9.06016, 5.08594, 7.24219], "rotation": 270, "texture": "#2"},
				"east": {"uv": [10.66641, 7.24219, 5.08594, 9.06016], "rotation": 270, "texture": "#2"},
				"south": {"uv": [10.66641, 7.24219, 5.08594, 9.06016], "rotation": 270, "texture": "#2"},
				"west": {"uv": [10.66641, 7.24219, 5.08594, 9.06016], "rotation": 270, "texture": "#2"},
				"up": {"uv": [10.66641, 7.24219, 5.08594, 9.06016], "rotation": 270, "texture": "#2"},
				"down": {"uv": [10.66641, 7.24219, 5.08594, 9.06016], "rotation": 270, "texture": "#2"}
			}
		},
		{
			"from": [8.625, 12.1, 7.84],
			"to": [10.05, 21.55, 7.84],
			"rotation": {"angle": 0, "axis": "y", "origin": [10.55, 12, 8.075]},
			"faces": {
				"north": {"uv": [10.66641, 9.06016, 5.08594, 7.24219], "rotation": 270, "texture": "#2"},
				"east": {"uv": [10.66641, 7.24219, 5.08594, 9.06016], "rotation": 270, "texture": "#2"},
				"south": {"uv": [10.66641, 7.24219, 5.08594, 9.06016], "rotation": 270, "texture": "#2"},
				"west": {"uv": [10.66641, 7.24219, 5.08594, 9.06016], "rotation": 270, "texture": "#2"},
				"up": {"uv": [10.66641, 7.24219, 5.08594, 9.06016], "rotation": 270, "texture": "#2"},
				"down": {"uv": [10.66641, 7.24219, 5.08594, 9.06016], "rotation": 270, "texture": "#2"}
			}
		},
		{
			"from": [9.325, 14.975, 7.765],
			"to": [10.425, 21.125, 7.765],
			"rotation": {"angle": 0, "axis": "y", "origin": [11.55, 12, 8]},
			"faces": {
				"north": {"uv": [11.07266, 9.74219, 5.49219, 11.56016], "rotation": 270, "texture": "#2"},
				"east": {"uv": [11.07266, 11.56016, 5.49219, 9.74219], "rotation": 270, "texture": "#2"},
				"south": {"uv": [11.07266, 11.56016, 5.49219, 9.74219], "rotation": 270, "texture": "#2"},
				"west": {"uv": [11.07266, 11.56016, 5.49219, 9.74219], "rotation": 270, "texture": "#2"},
				"up": {"uv": [11.07266, 11.56016, 5.49219, 9.74219], "rotation": 270, "texture": "#2"},
				"down": {"uv": [11.07266, 11.56016, 5.49219, 9.74219], "rotation": 270, "texture": "#2"}
			}
		},
		{
			"from": [10.225, 12.175, 7.765],
			"to": [11.05, 14.3, 7.765],
			"rotation": {"angle": 45, "axis": "z", "origin": [11.55, 12, 8]},
			"faces": {
				"north": {"uv": [10.54141, 9.09141, 6.71094, 7.27344], "rotation": 270, "texture": "#2"},
				"east": {"uv": [10.54141, 7.27344, 6.71094, 9.09141], "rotation": 270, "texture": "#2"},
				"south": {"uv": [10.54141, 7.27344, 6.71094, 9.09141], "rotation": 270, "texture": "#2"},
				"west": {"uv": [10.54141, 7.27344, 6.71094, 9.09141], "rotation": 270, "texture": "#2"},
				"up": {"uv": [10.54141, 7.27344, 6.71094, 9.09141], "rotation": 270, "texture": "#2"},
				"down": {"uv": [10.54141, 7.27344, 6.71094, 9.09141], "rotation": 270, "texture": "#2"}
			}
		},
		{
			"from": [10.3, 13.825, 7.765],
			"to": [11.05, 15.95, 7.765],
			"rotation": {"angle": 22.5, "axis": "z", "origin": [11.625, 13.65, 8]},
			"faces": {
				"north": {"uv": [10.69453, 7.27344, 6.71094, 9.09141], "rotation": 270, "texture": "#2"},
				"east": {"uv": [10.69453, 9.09141, 6.71094, 7.27344], "rotation": 270, "texture": "#2"},
				"south": {"uv": [10.69453, 9.09141, 6.71094, 7.27344], "rotation": 270, "texture": "#2"},
				"west": {"uv": [10.69453, 9.09141, 6.71094, 7.27344], "rotation": 270, "texture": "#2"},
				"up": {"uv": [10.69453, 9.09141, 6.71094, 7.27344], "rotation": 270, "texture": "#2"},
				"down": {"uv": [10.69453, 9.09141, 6.71094, 7.27344], "rotation": 270, "texture": "#2"}
			}
		},
		{
			"from": [10.225, 11.825, 7.765],
			"to": [11.05, 13.95, 7.765],
			"rotation": {"angle": 0, "axis": "y", "origin": [11.55, 11.65, 8]},
			"faces": {
				"north": {"uv": [10.54141, 9.09141, 6.71094, 7.27344], "rotation": 270, "texture": "#2"},
				"east": {"uv": [10.54141, 7.27344, 6.71094, 9.09141], "rotation": 270, "texture": "#2"},
				"south": {"uv": [10.54141, 7.27344, 6.71094, 9.09141], "rotation": 270, "texture": "#2"},
				"west": {"uv": [10.54141, 7.27344, 6.71094, 9.09141], "rotation": 270, "texture": "#2"},
				"up": {"uv": [10.54141, 7.27344, 6.71094, 9.09141], "rotation": 270, "texture": "#2"},
				"down": {"uv": [10.54141, 7.27344, 6.71094, 9.09141], "rotation": 270, "texture": "#2"}
			}
		},
		{
			"from": [10.3, 13.825, 7.765],
			"to": [11.05, 15.95, 7.765],
			"rotation": {"angle": 22.5, "axis": "z", "origin": [11.625, 13.65, 8]},
			"faces": {
				"north": {"uv": [0, 0, 1, 1], "rotation": 90, "texture": "#2"},
				"east": {"uv": [0, 0, 1, 0], "rotation": 270, "texture": "#2"},
				"south": {"uv": [10.54141, 9.09141, 6.71094, 7.27344], "rotation": 270, "texture": "#2"},
				"west": {"uv": [0, 0, 1, 0], "rotation": 270, "texture": "#2"},
				"up": {"uv": [0, 0, 0, 1], "rotation": 270, "texture": "#2"},
				"down": {"uv": [0, 0, 0, 1], "rotation": 270, "texture": "#2"}
			}
		},
		{
			"from": [10.3, 13.825, 7.79],
			"to": [11.05, 15.95, 7.79],
			"rotation": {"angle": 22.5, "axis": "z", "origin": [11.625, 13.65, 8.025]},
			"faces": {
				"north": {"uv": [0, 0, 1, 1], "rotation": 90, "texture": "#2"},
				"east": {"uv": [0, 0, 1, 0], "rotation": 270, "texture": "#2"},
				"south": {"uv": [10.54141, 9.09141, 6.71094, 7.27344], "rotation": 270, "texture": "#2"},
				"west": {"uv": [0, 0, 1, 0], "rotation": 270, "texture": "#2"},
				"up": {"uv": [0, 0, 0, 1], "rotation": 270, "texture": "#2"},
				"down": {"uv": [0, 0, 0, 1], "rotation": 270, "texture": "#2"}
			}
		},
		{
			"from": [5.8, 11.375, 7.79],
			"to": [7.175, 18.9, 7.79],
			"rotation": {"angle": 0, "axis": "y", "origin": [8.3, 12, 8.025]},
			"faces": {
				"north": {"uv": [10.66641, 7.24219, 5.08594, 9.06016], "rotation": 270, "texture": "#2"},
				"east": {"uv": [10.66641, 9.06016, 5.08594, 7.24219], "rotation": 270, "texture": "#2"},
				"south": {"uv": [11.69531, 11.66953, 6.54766, 9.68906], "rotation": 270, "texture": "#2"},
				"west": {"uv": [10.66641, 9.06016, 5.08594, 7.24219], "rotation": 270, "texture": "#2"},
				"up": {"uv": [10.66641, 9.06016, 5.08594, 7.24219], "rotation": 270, "texture": "#2"},
				"down": {"uv": [10.66641, 9.06016, 5.08594, 7.24219], "rotation": 270, "texture": "#2"}
			}
		},
		{
			"from": [6.3, 11.375, 7.79],
			"to": [7.5, 21.55, 7.79],
			"rotation": {"angle": 0, "axis": "y", "origin": [8.55, 12, 8.025]},
			"faces": {
				"north": {"uv": [10.66641, 7.24219, 5.08594, 9.06016], "rotation": 270, "texture": "#2"},
				"east": {"uv": [10.66641, 9.06016, 5.08594, 7.24219], "rotation": 270, "texture": "#2"},
				"south": {"uv": [11.20781, 11.59766, 5.62734, 9.77969], "rotation": 270, "texture": "#2"},
				"west": {"uv": [10.66641, 9.06016, 5.08594, 7.24219], "rotation": 270, "texture": "#2"},
				"up": {"uv": [10.66641, 9.06016, 5.08594, 7.24219], "rotation": 270, "texture": "#2"},
				"down": {"uv": [10.66641, 9.06016, 5.08594, 7.24219], "rotation": 270, "texture": "#2"}
			}
		}
	],
	"display": {
		"thirdperson_righthand": {
			"rotation": [0, 90, 0],
			"translation": [0, 14.25, 1.25],
			"scale": [2, 2, 2]
		},
		"thirdperson_lefthand": {
			"rotation": [64.34, 5.42, -125.43],
			"translation": [-4, -6, 6.5],
			"scale": [2, 2, 2]
		},
		"firstperson_righthand": {
			"rotation": [-157.28, 85.41, 155.49],
			"translation": [13.25, 2.5, -9],
			"scale": [1.8, 1.88, 1.93]
		},
		"firstperson_lefthand": {
			"rotation": [-18, 110, 169],
			"translation": [8, -15, 7.25],
			"scale": [1.8, 1.88, 1.93]
		},
		"ground": {
			"rotation": [69.71, 37.41, -147.17],
			"translation": [0, -6, 0.5],
			"scale": [2, 2, 2]
		},
		"gui": {
			"rotation": [0, 0, -45],
			"translation": [0.25, 0.75, 0],
			"scale": [0.72, 0.73, 0.76]
		},
		"fixed": {
			"rotation": [83.42, 40.81, -14.91],
			"translation": [-6.75, -12.75, -43.25],
			"scale": [4, 4, 4]
		}
	},
	"groups": [
		{
			"name": "main",
			"origin": [8, 8, 8],
			"color": 0,
			"children": [
				0,
				1,
				2,
				3,
				4,
				5,
				6,
				7,
				8,
				9,
				10,
				11,
				12,
				13,
				14,
				15,
				16,
				17,
				18,
				19,
				20,
				21,
				22,
				23,
				24,
				25,
				{
					"name": "aura1",
					"origin": [11.625, 13.65, 8.025],
					"color": 0,
					"children": [26, 27, 28, 29, 30, 31, 32, 33, 34, 35, 36, 37, 38, 39, 40, 41, 42, 43, 44, 45]
				}
			]
		}
	]
}